{
  "Blackburn": 1394.817469461863,
  "Chelsea": 1680.187103420312,
  "Sunderland": 1406.9958496385095,
  "Tottenham": 1495.7548767018357,
  "Wigan": 1448.4492826539865,
  "Wolves": 1545.0640295911799,
  "Aston Villa": 1710.4965179438047,
  "Bolton": 1414.9948290867637,
  "Liverpool": 1783.5444290374292,
  "Man United": 1516.7313766744924,
  "Birmingham": 1443.8233721173249,
  "West Brom": 1441.5511594633858,
  "Arsenal": 1754.3178390547657,
  "Everton": 1596.2242585059457,
  "Stoke": 1464.370401438316,
  "West Ham": 1533.3402084863685,
  "Fulham": 1599.409206731555,
  "Newcastle": 1691.1457917475232,
  "Man City": 1757.0473539187353,
  "Blackpool": 1406.5497362870751,
  "QPR": 1370.3645267167606,
  "Swansea": 1469.9139360671757,
  "Norwich": 1345.1844739412054,
  "Reading": 1406.0912053601735,
  "Southampton": 1322.696743503051,
  "Crystal Palace": 1633.3001668439877,
  "Hull": 1441.2886819459477,
  "Cardiff": 1402.8150553274963,
  "Leicester": 1407.7007935816198,
  "Burnley": 1437.3541663754243,
  "Bournemouth": 1594.0734114066197,
  "Watford": 1378.2133057655578,
  "Middlesbrough": 1429.5035574433805,
  "Brighton": 1623.559324004279,
  "Huddersfield": 1306.1949318722454,
  "Sheffield United": 1343.9994219750442,
  "Leeds": 1449.5134503356835,
  "Brentford": 1640.6181189158922,
  "Nott'm Forest": 1632.6751648774634,
  "Luton": 1427.6363442970262,
  "Ipswich": 1410.462412197913
}