{
  "trained_at": "2026-04-21T06:02:16.405071",
  "train_rows": 5320,
  "holdout_rows": 380,
  "features_used": 85,
  "models": [
    {
      "model": "RandomForest",
      "accuracy": 0.5237,
      "log_loss": 0.9665,
      "classification": {
        "Home Win": {
          "precision": 0.580110497237569,
          "recall": 0.6774193548387096,
          "f1-score": 0.625,
          "support": 155.0
        },
        "Draw": {
          "precision": 0.3114754098360656,
          "recall": 0.20430107526881722,
          "f1-score": 0.24675324675324675,
          "support": 93.0
        },
        "Away Win": {
          "precision": 0.5434782608695652,
          "recall": 0.5681818181818182,
          "f1-score": 0.5555555555555556,
          "support": 132.0
        },
        "accuracy": 0.5236842105263158,
        "macro avg": {
          "precision": 0.4783547226477333,
          "recall": 0.4833007494297817,
          "f1-score": 0.4757696007696008,
          "support": 380.0
        },
        "weighted avg": {
          "precision": 0.5016407121614734,
          "recall": 0.5236842105263158,
          "f1-score": 0.5083062770562771,
          "support": 380.0
        }
      },
      "cv_accuracy": 0.5261851015801354
    },
    {
      "model": "XGBoost",
      "accuracy": 0.55,
      "log_loss": 0.9918,
      "classification": {
        "Home Win": {
          "precision": 0.552,
          "recall": 0.8903225806451613,
          "f1-score": 0.6814814814814815,
          "support": 155.0
        },
        "Draw": {
          "precision": 0.24,
          "recall": 0.06451612903225806,
          "f1-score": 0.1016949152542373,
          "support": 93.0
        },
        "Away Win": {
          "precision": 0.6190476190476191,
          "recall": 0.49242424242424243,
          "f1-score": 0.5485232067510548,
          "support": 132.0
        },
        "accuracy": 0.55,
        "macro avg": {
          "precision": 0.47034920634920635,
          "recall": 0.4824209840338873,
          "f1-score": 0.44389986782892454,
          "support": 380.0
        },
        "weighted avg": {
          "precision": 0.49893233082706767,
          "recall": 0.55,
          "f1-score": 0.49340084220898145,
          "support": 380.0
        }
      },
      "cv_accuracy": 0.5270880361173816
    },
    {
      "model": "CatBoost",
      "accuracy": 0.5342,
      "log_loss": 0.9664,
      "classification": {
        "Home Win": {
          "precision": 0.5585585585585585,
          "recall": 0.8,
          "f1-score": 0.6578249336870027,
          "support": 155.0
        },
        "Draw": {
          "precision": 0.2682926829268293,
          "recall": 0.11827956989247312,
          "f1-score": 0.16417910447761194,
          "support": 93.0
        },
        "Away Win": {
          "precision": 0.5811965811965812,
          "recall": 0.5151515151515151,
          "f1-score": 0.5461847389558233,
          "support": 132.0
        },
        "accuracy": 0.5342105263157895,
        "macro avg": {
          "precision": 0.46934927422732303,
          "recall": 0.47781036168132945,
          "f1-score": 0.45606292570681267,
          "support": 380.0
        },
        "weighted avg": {
          "precision": 0.49538353896505377,
          "recall": 0.5342105263157895,
          "f1-score": 0.4982313341580842,
          "support": 380.0
        }
      },
      "cv_accuracy": 0.5173814898419865
    },
    {
      "model": "Ensemble",
      "accuracy": 0.5447,
      "log_loss": 0.9592,
      "classification": {
        "Home Win": {
          "precision": 0.5707762557077626,
          "recall": 0.8064516129032258,
          "f1-score": 0.6684491978609626,
          "support": 155.0
        },
        "Draw": {
          "precision": 0.2972972972972973,
          "recall": 0.11827956989247312,
          "f1-score": 0.16923076923076924,
          "support": 93.0
        },
        "Away Win": {
          "precision": 0.5725806451612904,
          "recall": 0.5378787878787878,
          "f1-score": 0.5546875,
          "support": 132.0
        },
        "accuracy": 0.5447368421052632,
        "macro avg": {
          "precision": 0.4802180660554501,
          "recall": 0.48753665689149556,
          "f1-score": 0.4641224890305773,
          "support": 380.0
        },
        "weighted avg": {
          "precision": 0.5044726669595847,
          "recall": 0.5447368421052632,
          "f1-score": 0.5067548347550282,
          "support": 380.0
        }
      },
      "cv_accuracy": 0.5173814898419865
    }
  ]
}